address,start_date,end_date
0x66946def4ba6153c500d743b7a5febfc1654d6bd,2023-03-31,2024-11-01
0xe422d6c46a69e989ba6468ccd0435cb0c5c243e3,2023-03-31,2024-11-01
0x3db5b38ef4b433d9c6a664bd35551be73313189a,2023-03-31,2024-11-01
0x3b60e31cfc48a9074cd5bebb26c9eaa77650a43f,2023-03-31,2024-11-01
0xcf79c7eaec5bdc1a9e32d099c5d6bdf67e4cf6e8,2023-03-31,2024-11-01
0x07fda67513ec0897866098a11dc3858089d4a505,2023-03-31,2024-11-01
0x94db037207f6fb697dbd33524aadffd108819dc8,2023-03-31,2024-11-01
0x0331969e189d63fbc31d771bb04ab44227d748d8,2023-03-31,2024-11-01
0x55aed0ce035883626e536254dda2f23a5b5d977f,2023-03-31,2024-11-01
0x9934465ee73beaf148b1b3ff232c8cd86c4c2c63,2023-03-31,2024-11-01
0x5d36a202687fd6bd0f670545334bf0b4827cc1e2,2023-03-31,2024-11-01
0xef32eb37f3e8b4bdddf99879b23015f309ed7304,2023-03-31,2024-11-01
0xf4b0556b9b6f53e00a1fdd2b0478ce841991d8fa,2023-03-31,2024-11-01
0x75536cf4f01c2bfa528f5c74ddc1232db3af3ee5,2023-03-31,2024-11-01
0x00409fc839a2ec2e6d12305423d37cd011279c09,2023-03-31,2024-11-01
0x288c53a1ba857ead34ad0e79f644087f8174185a,2023-03-31,2024-11-01
0x6eda5acaff7f5964e1ecc3fd61c62570c186ca0c,2023-03-31,2024-11-01
0x15c6ac4cf1b5e49c44332fb0a1043ccab19db80a,2023-03-31,2024-11-01
0x92bf20563e747b2f8711549be17a9d7b876c4053,2023-03-31,2024-11-01
0xf68d2bfcecd7895bba05a7451dd09a1749026454,2023-03-31,2024-11-01
0x1de2a056508e0d0dd88a88f1f5cdf9cfa510795c,2023-03-31,2024-11-01
0x53e0b897eae600b2f6855fce4a42482e9229d2c2,2023-03-31,2024-11-01
0x7fc80fad32ec41fd5cfcc14eee9c31953b6b4a8b,2023-03-31,2024-11-01
0x9194efdf03174a804f3552f4f7b7a4bb74badb7f,2023-03-31,2024-11-01
0x64fed9e56b548343e7bb47c49ecd7ffa9f1a34fe,2023-03-31,2024-11-01
0x66da63b03feca7dd44a5bb023bb3645d3252fa32,2023-03-31,2024-11-01
0x434f5325ddcdbbfcce64be2617c72c4aa33ec3e7,2023-03-31,2024-11-01
0x585639fbf797c1258eba8875c080eb63c833d252,2023-03-31,2024-11-01
0x6dc43be93a8b5fd37dc16f24872babc6da5e5e3e,2023-03-31,2024-11-01
0x06f455e2c297a4ae015191fa7a4a11c77c5b1b7c,2023-03-31,2024-11-01
0x2b888954421b424c5d3d9ce9bb67c9bd47537d12,2023-03-31,2024-11-01
0x429f9ada43e9f345cbb85ec88681bb70df808892,2023-03-31,2024-11-01
0x9c949881084dcbd97237f786710ab8e52a457136,2023-03-31,2024-11-01
0x826976d7c600d45fb8287ca1d7c76fc8eb732030,2023-03-31,2024-11-01
0x0f2ce18919b4eb9838760cfdda65e4c8766e9c19,2023-03-31,2024-11-01
0xdcf7be2ff93e1a7671724598b1526f3a33b1ec25,2023-03-31,2024-11-01
0xc2e2b715d9e302947ec7e312fd2384b5a1296099,2023-03-31,2024-11-01
0x842bb1bb84cc8a3d6277b0ff9729d22d55e9c50b,2023-03-31,2024-11-01
0x07bf3cda34aa78d92949bbdce31520714ab5b228,2023-03-31,2024-11-01
0x5a5d9ab7b1bd978f80909503ebb828879daca9c3,2023-03-31,2024-11-01
0x378c23b326504df4d29c81ba6757f53b2c59f315,2023-03-31,2024-11-01
0x839395e20bbb182fa440d08f850e6c7a8f6f0780,2023-03-31,2024-11-01
0xe53e89d978ff1da716f80baa6e6d8b3fa23f2284,2023-03-31,2024-11-01
0x69e271483c38ed4902a55c3ea8aab9e7cc8617e5,2023-03-31,2024-11-01
0xbf430a49c4d85aeed3908619d5387a1fbf8e74a9,2023-03-31,2024-11-01
0x1d3bf13f8f7a83390d03db5e23a950778e1d1309,2023-03-31,2024-11-01
0x73186b2a81952c2340c4eb2e74e89869e1183df0,2023-03-31,2024-11-01
0x4fd6b3204a6ab48978018b25821682f090840333,2023-03-31,2024-11-01
0x75cac0ceb8a39ddb4942a83ad2aafaf0c2a3e13f,2023-03-31,2024-11-01
0xeee718c1e522ecb4b609265db7a83ab48ea0b06f,2023-03-31,2024-11-01
0x7899d9b1181cbb427b0b1be0684c096c260f7474,2023-03-31,2024-11-01
0x98ab20307fdaba1ce8b16d69d22461c6dbe85459,2023-03-31,2024-11-01
0x925afeb19355e289ed1346ede709633ca8788b25,2023-03-31,2024-11-01
0x885c327cad2aebb969dfaab4c928b73ca17e3887,2023-03-31,2024-11-01
0x17640d0d8c93bf710b6ee4208997bb727b5b7bc2,2023-03-31,2024-11-01
0x8eb9e5e5375b72ee7c5cb786ce8564d854c26a86,2023-03-31,2024-11-01
0x12681667bb220521c222f50ece5eb752046bc144,2023-03-31,2024-11-01
0x534631bcf33bdb069fb20a93d2fdb9e4d4dd42cf,2023-03-31,2024-11-01
0x512fce9b07ce64590849115ee6b32fd40ec0f5f3,2023-03-31,2024-11-01
0x849151d7d0bf1f34b70d5cad5149d28cc2308bf1,2023-03-31,2024-11-01
0xb0623c91c65621df716ab8afe5f66656b21a9108,2023-03-31,2024-11-01
0x801707059a55d748b23b02043c71b7a3d976f071,2023-03-31,2024-11-01
0x7ae8b0d6353f0931eb9fac0a3562fa9e4c6ff933,2023-03-31,2024-11-01
0xe4c3768f48d4e676ae48c189db726edf8c1d401e,2023-03-31,2024-11-01
0x1e6d9f536a5d1cc04fc13b3133efdb90c8ee5ea1,2023-03-31,2024-11-01
0xd31b671f1a398b519222fdaba5ab5464b9f2a3fa,2023-03-31,2024-11-01
0x894aa5f1e45454677a8560dde3b45cb5c427ef92,2023-03-31,2024-11-01
0x396a34c10b11e33a4bf6f3e6a419a23c54ad34fb,2023-03-31,2024-11-01
0x5e349eca2dc61abcd9dd99ce94d04136151a09ee,2023-03-31,2024-11-01
0xabf28f8d9adfb2255f4a059e37d3bce9104969db,2023-03-31,2024-11-01
0x146cfed833cc926b16b0da9257e8a281c2add9f3,2023-03-31,2024-11-01
0x8c50651d964b1a573ba0cf51980ca51d9e42623c,2023-03-31,2024-11-01
0x634c474a393e4498bc2f0c1dee16a50e9e0ebe2b,2023-03-31,2024-11-01
0xa142ab9eab9264807a41f0e5cbdab877d204e233,2023-03-31,2024-11-01
0x399e0ae23663f27181ebb4e66ec504b3aab25541,2023-03-31,2024-11-01
0x006a8a496889e9983a5256f34b608ee9569ba319,2023-03-31,2024-11-01
0x91031dcfdea024b4d51e775486111d2b2a715871,2023-03-31,2024-11-01
0x66810420d110919a0e8b550fde3fe24d50ef0e26,2023-03-31,2024-11-01
0xa3eac0016f6581ac34768c0d4b99ddcd88071c3c,2023-03-31,2024-11-01
0x23936429fc179da0e1300644fb3b489c736d562f,2023-03-31,2024-11-01
0x665d84fffddd72d24df555e6b065b833478dffca,2023-03-31,2024-11-01
0x7a48a728d9fd2d5a55c545c4378e5ba909349e90,2023-03-31,2024-11-01
0xebb03f5a580ff088bd4269f88a0cfe5eaf00d2b0,2023-03-31,2024-11-01
0x60ca282757ba67f3adbf21f3ba2ebe4ab3eb01fc,2023-03-31,2024-11-01
0x5872ce037211233b9f6f5095c25988021f270c21,2023-03-31,2024-11-01
0xbc3ed6b537f2980e66f396fe14210a56ba3f72c4,2023-03-31,2024-11-01
0x57893e666bd15e886d74751b0879361a3383b57a,2023-03-31,2024-11-01
0xaeb99a255c3a243ab3e4f654041e9bf5340cf313,2023-03-31,2024-11-01
0x34aa3f359a9d614239015126635ce7732c18fdf3,2023-03-31,2024-11-01
0x45a10f35befa4ab841c77860204b133118b7ccae,2023-03-31,2024-11-01
0x648aa14e4424e0825a5ce739c8c68610e143fb79,2023-03-31,2024-11-01
0x5554672e67ba866b9861701d0e0494ab324ad19a,2023-03-31,2024-11-01
0xdb150346155675dd0c93efd960d5985244a34820,2023-03-31,2024-11-01
0xac3a69dd4a8fecc18b172bfa9643d6b0863819c8,2023-03-31,2024-11-01
0xdc0a92c350a52b6583e235a57901b8731af8b249,2023-03-31,2024-11-01
0x5507dbd48a5a5bace8a6030e878cc4e0af147c33,2023-03-31,2024-11-01
0x53c61cfb8128ad59244e8c1d26109252ace23d14,2023-03-31,2024-11-01
0xe4239eb12c1c6e5a84727db0a7b0507311eb5389,2023-03-31,2024-11-01
0x28f569cc6c29d804a1720edc16bf1ebab2ea35b4,2023-03-31,2024-11-01
0x48a63097e1ac123b1f5a8bbffafa4afa8192fab0,2023-03-31,2024-11-01
0x576f1e53afe5e99b2257258c7e3248d3a1822548,2023-03-31,2024-11-01
0x488b2608a66e5d32e5a91eba21a198bd3fd8bcd9,2023-03-31,2024-11-01
0xf503017d7baf7fbc0fff7492b751025c6a78179b,2023-03-31,2024-11-01
0x616cad18642f45d3fa5fcaad0a2d81764a9cba84,2023-03-31,2024-11-01
0xa50d0e425461ccab26ef30104cdd879b90db3843,2023-03-31,2024-11-01
0x1f5d295778796a8b9f29600a585ab73d452acb1c,2023-03-31,2024-11-01
0xc5cd017ce8efd2fefedf114350657394531477ae,2023-03-31,2024-11-01
0xda60aceb12a1a61d09b008ae4a60c760db32220f,2023-03-31,2024-11-01
0x8f07bc36ff569312fdc41f3867d80bbd2fe94b76,2023-03-31,2024-11-01
0xd35e119782059a27fead4edda8b555f393650bc8,2023-03-31,2024-11-01
0xd8da6bf26964af9d7eed9e03e53415d37aa96045,2023-03-31,2024-11-01
0x308fedfb88f6e85f27b85c8011ccb9b5e15bcbf7,2023-03-31,2024-11-01
0xdca1bb1fc782ea3fa76ea4ada42af10c85766b6a,2023-03-31,2024-11-01
0x51448923d8a215a5a8cd872a51f22c2f5c43b444,2023-03-31,2024-11-01
0xbc39fb41fe0229352774930c5aa3bf1635c2665f,2023-03-31,2024-11-01
0x14276eb29e90541831cb94c80331484ae6d2a1d8,2023-03-31,2024-11-01
0x69dc230b06a15796e3f42baf706e0e55d4d5eaa1,2023-03-31,2024-11-01
0x29c4dbc1a81d06c9aa2faed93bb8b4a78f3eabdb,2023-03-31,2024-11-01
0x1c9a6c17ba87451520cc4aa4ca63db07dc180242,2023-03-31,2024-11-01
0x7f22646e85da79953ac09e9b45ee1b3be3a42abc,2023-03-31,2024-11-01
0xdb5781a835b60110298ff7205d8ef9678ff1f800,2023-03-31,2024-11-01
0xa2bbe92f4e320185dd42261897464f60c9a05a35,2023-03-31,2024-11-01
0xdd7a79b1b6e8dd444f99d68a7d493a85556944a2,2023-03-31,2024-11-01
0xb8c6da1c1e8a4473f290941278e66bfdbe4fd6c8,2023-03-31,2024-11-01
0xde2b6860cb3212a6a1f8f8628abfe076723a4b39,2023-03-31,2024-11-01
0x490c91f38ec57e3ab00811e0c51a62bfed7e81f4,2023-03-31,2024-11-01
0xdadd7c883288cfe2e257b0a361865e5e9349808b,2023-03-31,2024-11-01
0xdcf09a83e9cc4611b2215bfb7116bfaf5e906d3d,2023-03-31,2024-11-01
0xa2bf1b0a7e079767b4701b5a1d9d5700eb42d1d1,2023-03-31,2024-11-01
0x5555763613a12d8f3e73be831dff8598089d3dca,2023-03-31,2024-11-01
0x61b647d3b5a04eec7e78b1d9cfbf9dea593c7865,2023-03-31,2024-11-01
0x00de4b13153673bcae2616b67bf822500d325fc3,2023-03-31,2024-11-01
